,country_name,Continent,region,area,population,population_per_sq_km,male_life_expectancy,female_life_expectancy,birth_rate,death_rate
0,Austria,Europe,western europe,"83,879 km²",8917000,106.3,78.9,83.6,9.4,10.3
1,Belgium,Europe,western europe,"30,530 km²",11544000,378.1,78.6,83.1,9.9,11.0
2,France,Europe,western europe,"549,087 km²",67380000,122.7,79.2,85.3,10.9,9.9
3,Germany,Europe,western europe,"357,580 km²",83161000,232.6,78.6,83.4,9.3,11.9
4,Liechtenstein,Europe,western europe,161 km²,38137,237.6,80.1,83.6,9.1,8.2
5,Luxembourg,Europe,western europe,"2,590 km²",630419,243.4,79.4,84.2,10.2,7.3
6,Netherlands,Europe,western europe,"41,543 km²",17442000,419.8,79.8,83.1,9.7,9.7
7,Switzerland,Europe,western europe,"41,290 km²",8637000,209.2,81.1,85.2,9.9,8.8
8,Belarus,Europe,eastern europe,"207,600 km²",9380000,45.18,69.3,79.4,9.3,13.0
9,Bulgaria,Europe,eastern europe,"111,000 km²",6934000,62.47,69.9,77.5,8.5,18.0
10,Czechia,Europe,eastern europe,"78,870 km²",10698000,135.6,75.3,81.3,10.3,12.1
11,Hungary,Europe,eastern europe,"93,030 km²",9750000,104.8,72.3,79.1,9.6,14.5
12,Moldova,Europe,eastern europe,"33,850 km²",2620000,77.41,67.7,76.3,9.8,11.8
13,Poland,Europe,eastern europe,"312,680 km²",37899000,121.2,72.6,80.8,9.4,12.6
14,Romania,Europe,eastern europe,"238,400 km²",19258000,80.78,70.5,78.4,9.2,15.4
15,Russia,Europe,eastern europe,"17,098,250 km²",144104000,8.428,66.5,76.4,9.8,14.6
16,Slovakia,Europe,eastern europe,"49,030 km²",5459000,111.3,73.5,80.4,10.4,10.8
17,Ukraine,Europe,eastern europe,"603,550 km²",44135000,73.13,66.4,76.2,7.8,15.9
18,Denmark,Europe,northern europe,"42,920 km²",5831000,135.9,79.6,83.6,10.4,9.4
19,Estonia,Europe,northern europe,"45,340 km²",1329000,29.32,74.2,82.7,9.9,11.9
20,Finland,Europe,northern europe,"338,450 km²",5530000,16.34,79.4,85.0,8.4,10.0
21,Iceland,Europe,northern europe,"103,000 km²",366463,3.558,81.7,84.5,12.3,6.3
22,Ireland,Europe,northern europe,"70,280 km²",4986000,70.94,80.4,84.1,11.2,6.4
23,Latvia,Europe,northern europe,"64,490 km²",1900000,29.47,70.9,80.1,9.2,15.2
24,Lithuania,Europe,northern europe,"65,286 km²",2795000,42.81,70.1,80.0,9.0,15.6
25,Norway,Europe,northern europe,"385,203 km²",5379000,13.97,81.6,84.9,9.8,7.5
26,Sweden,Europe,northern europe,"447,430 km²",10353000,23.14,80.7,84.2,10.9,9.5
27,United Kingdom,Europe,northern europe,"243,610 km²",67215000,275.9,79.0,82.9,10.2,10.4
28,Albania,Europe,southern europe,"28,750 km²",2838000,98.71,77.2,80.3,11.5,8.3
29,Greece,Europe,southern europe,"131,960 km²",10701000,81.09,78.6,83.7,7.9,12.2
30,Malta,Europe,southern europe,320 km²,515332,1610.0,80.8,84.6,8.6,7.9
31,Montenegro,Europe,southern europe,"13,810 km²",621306,44.99,73.2,78.8,11.4,11.7
32,Portugal,Europe,southern europe,"92,226 km²",10297000,111.7,78.0,84.1,8.2,12.0
33,Serbia,Europe,southern europe,"88,360 km²",6899000,78.08,71.4,77.2,8.9,16.9
34,Slovenia,Europe,southern europe,"20,675 km²",2102000,101.7,77.8,83.4,8.9,11.4
35,Spain,Europe,southern europe,"505,935 km²",47363000,93.62,79.7,85.1,7.1,10.4
